No.,First Name,Gender,Start Date,Last Login Time,Salary,Bonus %,Senior Management,Team
1,Douglas,Male,8/6/1993,12:42 PM,97308,6.945,TRUE,Marketing
2,Thomas,Male,3/31/1996,6:53 AM,61933,4.17,TRUE,
3,Maria,Female,4/23/1993,11:17 AM,130590,11.858,FALSE,Finance
4,Jerry,Male,3/4/2005,1:00 PM,138705,9.34,TRUE,Finance
5,Larry,Male,1/24/1998,4:47 PM,101004,1.389,TRUE,Client Services
6,Dennis,Male,4/18/1987,1:35 AM,115163,10.125,FALSE,Legal
7,Ruby,Female,8/17/1987,4:20 PM,65476,10.012,TRUE,Product
8,,Female,7/20/2015,10:43 AM,45906,11.598,,Finance
9,Angela,Female,11/22/2005,6:29 AM,95570,18.523,TRUE,Engineering
10,Frances,Female,8/8/2002,6:51 AM,139852,7.524,TRUE,Business Development
11,Louise,Female,8/12/1980,9:01 AM,63241,15.132,TRUE,
12,Julie,Female,10/26/1997,3:19 PM,102508,12.637,TRUE,Legal
13,Brandon,Male,12/1/1980,1:08 AM,112807,17.492,TRUE,Human Resources
14,Gary,Male,1/27/2008,11:40 PM,109831,5.831,FALSE,Sales
15,Kimberly,Female,1/14/1999,7:13 AM,41426,14.543,TRUE,Finance
16,Lillian,Female,6/5/2016,6:09 AM,59414,1.256,FALSE,Product
17,Jeremy,Male,9/21/2010,5:56 AM,90370,7.369,FALSE,Human Resources
18,Shawn,Male,12/7/1986,7:45 PM,111737,6.414,FALSE,Product
19,Diana,Female,10/23/1981,10:27 AM,132940,19.082,FALSE,Client Services
20,Donna,Female,7/22/2010,3:48 AM,81014,1.894,FALSE,Product
21,Lois,,4/22/1995,7:18 PM,64714,4.934,TRUE,Legal
22,Matthew,Male,9/5/1995,2:12 AM,100612,13.645,FALSE,Marketing
23,Joshua,,3/8/2012,1:58 AM,90816,18.816,TRUE,Client Services
24,,Male,6/14/2012,4:19 PM,125792,5.042,,
25,John,Male,7/1/1992,10:08 PM,97950,13.873,FALSE,Client Services
26,,Male,10/8/2012,1:12 AM,37076,18.576,,Client Services
27,Craig,Male,2/27/2000,7:45 AM,37598,7.757,TRUE,Marketing
28,Scott,,7/11/1991,6:58 PM,122367,5.218,FALSE,Legal
29,Terry,Male,11/27/1981,6:30 PM,124008,13.464,TRUE,Client Services
30,Benjamin,Male,1/26/2005,10:06 PM,79529,7.008,TRUE,Legal
31,Christina,Female,8/6/2002,1:19 PM,118780,9.096,TRUE,Engineering
32,Joyce,,2/20/2005,2:40 PM,88657,12.752,FALSE,Product
33,,Male,8/21/1998,2:27 PM,122340,6.417,,
34,Jean,Female,12/18/1993,9:07 AM,119082,16.18,FALSE,Business Development
35,Jerry,Male,1/10/2004,12:56 PM,95734,19.096,FALSE,Client Services
36,Theresa,Female,10/10/2006,1:12 AM,85182,16.675,FALSE,Sales
37,Rachel,Female,2/16/2009,8:47 PM,142032,12.599,FALSE,Business Development
38,Linda,Female,10/19/1981,8:49 PM,57427,9.557,TRUE,Client Services
39,Stephanie,Female,9/13/1986,1:52 AM,36844,5.574,TRUE,Business Development
40,,Male,1/29/2016,2:33 AM,122173,7.797,,Client Services
41,Michael,Male,10/10/2008,11:25 AM,99283,2.665,TRUE,Distribution
42,Christine,,6/28/2015,1:08 AM,66582,11.308,TRUE,Business Development
43,Beverly,Female,9/9/1998,8:26 PM,121918,15.835,FALSE,Legal
44,Marilyn,Female,12/7/1980,3:16 AM,73524,5.207,TRUE,Marketing
45,Cynthia,Female,11/16/1988,6:54 PM,145146,7.482,TRUE,Product
46,Roger,Male,4/17/1980,11:32 AM,88010,13.886,TRUE,Sales
47,Bruce,Male,11/28/2009,10:47 PM,114796,6.796,FALSE,Finance
48,Kathy,Female,6/22/2005,4:51 AM,66820,9,TRUE,Client Services
49,Clarence,Male,3/26/1996,5:57 AM,93581,6.083,TRUE,Business Development
50,Chris,,1/24/1980,12:13 PM,113590,3.055,FALSE,Sales
51,Nancy,Female,9/23/2000,8:05 AM,94976,13.83,TRUE,Engineering
52,,,12/17/2011,8:29 AM,41126,14.009,,Sales
53,Todd,Male,2/18/1990,2:41 AM,49339,1.695,TRUE,Human Resources
54,Alan,,3/3/2014,1:28 PM,40341,17.578,TRUE,Finance
55,Sara,Female,8/15/2007,9:23 AM,83677,8.999,FALSE,Engineering
56,Karen,Female,11/30/1999,7:46 AM,102488,17.653,TRUE,Product
57,Carl,Male,5/3/2006,5:55 PM,130276,16.084,TRUE,Finance
58,Henry,Male,6/26/1996,1:44 AM,64715,15.107,TRUE,Human Resources
59,Theresa,Female,4/11/2010,7:18 AM,72670,1.481,TRUE,Engineering
60,Irene,Female,5/7/1997,9:32 AM,66851,11.279,FALSE,Engineering
61,Paula,,11/23/2005,2:01 PM,48866,4.271,FALSE,Distribution
62,Denise,Female,11/6/2001,12:03 PM,106862,3.699,FALSE,Business Development
63,,Female,6/12/2007,5:25 PM,58112,19.414,,Marketing
64,Matthew,Male,1/2/2013,10:33 PM,35203,18.04,FALSE,Human Resources
65,Kathleen,,4/11/1990,6:46 PM,77834,18.771,FALSE,Business Development
66,Steve,Male,11/11/2009,11:44 PM,61310,12.428,TRUE,Distribution
67,Nancy,Female,12/15/2012,11:57 PM,125250,2.672,TRUE,Business Development
68,Rachel,Female,8/16/1999,6:53 AM,51178,9.735,TRUE,Finance
69,Jose,Male,10/30/2004,1:39 PM,84834,14.33,TRUE,Finance
70,Irene,,7/14/2015,4:31 PM,100863,4.382,TRUE,Finance
71,Todd,,6/10/2003,2:26 PM,84692,6.617,FALSE,Client Services
72,Johnny,Male,11/6/2009,4:23 PM,118172,16.194,TRUE,Sales
73,Bobby,Male,5/7/2007,10:01 AM,54043,3.833,FALSE,Product
74,Frances,Female,4/4/1999,4:19 PM,90582,4.709,TRUE,Sales
75,Thomas,Male,6/4/1995,2:24 PM,62096,17.029,FALSE,Marketing
76,Bonnie,Female,7/2/1991,1:27 AM,104897,5.118,TRUE,Human Resources
77,Margaret,Female,9/10/1988,12:42 PM,131604,7.353,TRUE,Distribution
78,Charles,Male,9/14/2004,8:13 PM,107391,1.26,TRUE,Marketing
79,Robin,Female,6/4/1983,3:15 PM,114797,5.965,TRUE,Sales
80,Bonnie,Female,11/13/1988,3:30 PM,115814,4.99,FALSE,Product
81,Gerald,,3/17/1995,12:50 AM,137126,15.602,TRUE,Sales
82,Christopher,Male,3/30/2008,10:52 AM,47369,14.822,FALSE,Legal
83,Steven,Male,3/30/1980,9:20 PM,35095,8.379,TRUE,Client Services
84,Shawn,Male,9/23/2005,2:55 AM,148115,6.539,TRUE,Finance
85,Doris,Female,8/20/2004,5:51 AM,83072,7.511,FALSE,Finance
86,Jeremy,Male,2/1/2008,8:50 AM,100238,3.887,TRUE,Client Services
87,Annie,,9/29/2007,12:11 AM,103495,17.29,TRUE,Business Development
88,Annie,Female,1/30/1993,2:05 AM,144887,8.276,TRUE,Sales
89,Donna,Female,11/27/1991,1:59 PM,64088,6.155,TRUE,Legal
90,Janice,Female,3/12/2016,12:40 AM,51082,11.955,FALSE,Legal
91,Janice,,8/21/1997,5:12 AM,91719,11.583,TRUE,Legal
92,James,,1/26/2005,11:00 PM,128771,8.309,FALSE,
93,Linda,Female,5/25/2000,5:45 PM,119009,12.506,TRUE,Business Development
94,Virginia,,5/7/1994,5:58 PM,111858,1.601,TRUE,Legal
95,Harry,Male,8/26/1981,3:16 PM,130620,7.03,FALSE,Legal
96,Heather,Female,7/11/1998,2:17 PM,43026,14.166,FALSE,Client Services
97,Cynthia,Female,3/21/1994,8:34 AM,142321,1.737,FALSE,Finance
98,Laura,,7/19/2014,9:23 PM,140371,10.62,TRUE,Marketing
99,Tina,Female,6/16/2016,7:47 PM,100705,16.961,TRUE,Marketing
100,Harold,Male,1/2/1985,9:40 PM,77544,12.447,FALSE,Business Development
101,Melissa,Female,6/21/2005,6:33 AM,48109,14.995,FALSE,Finance
102,Aaron,Male,2/17/2012,10:20 AM,61602,11.849,TRUE,Marketing
103,Jack,Male,1/12/1997,5:51 AM,103902,12.159,FALSE,Client Services
104,Phyllis,Female,10/11/1996,9:30 PM,136984,8.932,TRUE,Finance
105,John,Male,12/23/1989,7:01 AM,80740,19.305,FALSE,Marketing
106,Kathy,Female,3/9/1996,4:33 AM,91712,8.567,FALSE,Finance
107,Paul,Male,8/4/1993,7:25 PM,42146,3.046,FALSE,Legal
108,Steven,Male,4/23/2013,10:12 PM,68680,16.565,FALSE,Legal
109,Russell,,5/5/1988,7:57 AM,133980,12.396,TRUE,Legal
110,Christopher,Male,4/22/2000,10:15 AM,37919,11.449,FALSE,
111,Shirley,Female,6/20/2001,10:39 PM,147113,16.135,FALSE,Legal
112,Bonnie,Female,12/17/1999,3:12 PM,42153,8.454,TRUE,Business Development
113,Willie,Male,11/27/2003,6:21 AM,64363,4.023,FALSE,Marketing
114,Tina,Female,6/12/2009,7:16 AM,114767,3.711,TRUE,Engineering
115,Ashley,Female,8/4/2002,11:00 AM,58698,6.811,TRUE,Business Development
116,Pamela,Female,7/1/1982,6:51 AM,54585,4.166,FALSE,Product
117,,Male,6/22/1991,8:58 PM,76189,18.988,,Legal
118,Steven,Male,3/1/1995,3:03 PM,109095,9.494,FALSE,Finance
119,Andrea,Female,1/12/2012,5:43 AM,120204,9.557,FALSE,Business Development
120,Paul,Male,6/3/2008,3:05 PM,41054,12.299,FALSE,Marketing
121,Peter,Male,11/17/1994,6:15 PM,84885,15.402,FALSE,Business Development
122,Kathleen,,5/9/2016,8:55 AM,119735,18.74,FALSE,Product
123,Christina,Female,4/13/2012,2:04 PM,110169,13.892,TRUE,Engineering
124,Helen,Female,11/29/2001,2:30 AM,73789,14.841,TRUE,Product
125,Marilyn,Female,11/16/1983,8:29 AM,76078,2.401,TRUE,Product
126,Patricia,Female,9/1/2003,6:46 AM,49368,14.226,FALSE,Human Resources
127,Michelle,Female,3/30/1984,6:43 PM,57325,17.179,TRUE,Human Resources
128,William,Male,9/29/2002,4:09 PM,66521,5.83,FALSE,Human Resources
129,Kenneth,Male,8/25/1987,9:16 PM,127654,16.439,TRUE,Client Services
130,Antonio,Male,10/25/1988,1:50 PM,60866,13.101,TRUE,Business Development
131,Shirley,Female,5/1/1984,1:15 PM,41334,6.219,TRUE,Human Resources
132,Rebecca,Female,7/10/1992,12:23 AM,94231,17.517,FALSE,Product
133,Carlos,Male,1/4/1995,7:02 AM,146670,10.763,FALSE,Human Resources
134,Lois,Female,12/25/1987,4:16 PM,106317,2.235,TRUE,Client Services
135,Carolyn,Female,4/9/2011,5:38 AM,109260,2.65,TRUE,Business Development
136,Gloria,Female,6/29/2007,5:34 AM,134148,8.833,TRUE,Legal
137,Henry,Male,4/24/1995,4:18 AM,43542,19.687,FALSE,Legal
138,Adam,Male,5/21/2011,1:45 AM,95327,15.12,FALSE,Distribution
139,Ashley,Female,5/25/2006,11:30 AM,112238,6.03,TRUE,Engineering
140,,Female,10/3/1990,1:08 AM,132373,10.527,,
141,Shirley,Female,2/28/1981,1:23 PM,113850,1.854,FALSE,Marketing
142,Adam,Male,12/24/1990,8:57 PM,110194,14.727,TRUE,Product
143,Elizabeth,Female,10/9/2003,5:53 PM,146129,5.687,FALSE,Finance
144,Teresa,,1/28/2016,10:55 AM,140013,8.689,TRUE,Engineering
145,Nicole,,3/5/1982,2:28 PM,122717,12.452,FALSE,Sales
146,Jennifer,Female,4/4/2009,10:47 PM,71715,13.079,TRUE,Client Services
147,Patricia,Female,11/25/1992,2:24 AM,95322,4.15,FALSE,Product
148,Philip,Male,7/17/2008,1:30 PM,89227,3.996,FALSE,Legal
149,Patrick,,7/14/1991,2:24 AM,124488,14.837,TRUE,Sales
150,,Female,8/17/2014,2:00 PM,86230,8.578,,Distribution
151,Sean,Male,5/4/1996,8:59 PM,135490,19.934,FALSE,Marketing
152,Brandon,,11/3/1997,8:17 PM,121333,15.295,FALSE,Business Development
153,Ruth,Female,8/19/1999,4:03 AM,129297,8.067,TRUE,Client Services
154,Victor,,3/10/2011,8:40 PM,84546,10.489,TRUE,Finance
155,Rebecca,Female,11/15/1980,4:13 AM,85730,5.359,TRUE,Product
156,Marie,Female,3/16/2003,12:12 AM,104058,17.695,TRUE,Business Development
157,Howard,Male,4/27/1992,1:10 AM,105062,1.563,FALSE,Human Resources
158,,Female,7/27/2005,8:32 AM,79536,14.443,,Product
159,Norma,Female,2/28/1999,8:45 PM,114412,8.756,TRUE,Marketing
160,James,,11/22/1983,10:52 PM,68501,14.316,FALSE,Marketing
161,Kathy,Female,3/18/2000,7:26 PM,149563,16.991,TRUE,Finance
162,Marilyn,,8/22/1999,9:09 AM,103386,11.451,FALSE,Distribution
163,Arthur,Male,4/13/1998,11:28 AM,89786,14.422,TRUE,Legal
164,Terry,Male,9/3/1990,9:15 PM,52226,19.135,FALSE,Client Services
165,Mary,Female,8/13/1999,1:03 AM,134645,18.197,FALSE,Business Development
166,,Female,3/23/2014,1:28 PM,59148,9.061,,Legal
167,,Female,7/9/1991,6:52 PM,42341,7.014,,Sales
168,Christopher,Male,12/24/2011,12:22 PM,142178,17.984,TRUE,Sales
169,Peter,,9/3/1987,5:59 PM,38989,7.017,TRUE,Marketing
170,Michelle,Female,11/4/1996,9:34 PM,53754,5.455,TRUE,Product
171,Irene,Female,1/29/1992,11:36 AM,133772,19.02,TRUE,Sales
172,Patrick,Male,8/17/2007,3:16 AM,143499,17.495,TRUE,Engineering
173,Sara,Female,9/23/1991,6:17 PM,97058,9.402,FALSE,Finance
174,Lillian,Female,12/21/2008,6:51 PM,85446,3.959,TRUE,Engineering
175,,,9/18/2007,6:59 PM,40297,6.185,,Client Services
176,Willie,Male,2/17/1998,8:20 PM,146651,1.451,TRUE,Engineering
177,Victor,Male,1/8/2003,1:02 PM,124486,10.166,FALSE,Product
178,Wayne,Male,4/7/2012,8:00 AM,102652,14.085,TRUE,Distribution
179,Jane,Female,9/3/1997,2:01 AM,144474,17.648,FALSE,Product
180,Jessica,Female,10/23/1995,5:53 AM,68759,19.343,TRUE,Finance
181,Mark,Male,4/12/2008,5:40 PM,57286,5.025,TRUE,Business Development
182,Randy,Male,11/14/1999,12:12 PM,58129,1.952,TRUE,Distribution
183,Lillian,Female,6/19/1999,4:44 PM,123940,12.184,TRUE,Business Development
184,Ruth,,5/18/1999,5:56 AM,98233,2.518,TRUE,Distribution
185,Jerry,Male,12/18/2003,6:46 AM,140810,9.177,TRUE,Client Services
186,Sandra,Female,1/19/1983,7:25 AM,42090,8.842,TRUE,Legal
187,,Female,2/23/2005,9:50 PM,149654,1.825,,Sales
188,Roger,Male,11/19/2004,3:55 PM,51430,6.46,FALSE,Marketing
189,Charles,Male,10/14/2000,9:40 PM,71749,15.931,FALSE,Legal
190,Clarence,Male,5/2/1998,3:16 AM,85700,1.215,FALSE,Sales
191,Carol,Female,3/19/1996,3:39 AM,57783,9.129,FALSE,Finance
192,Lois,Female,10/18/2013,4:51 PM,36946,6.652,FALSE,Engineering
193,Barbara,,5/3/2003,7:32 PM,99326,16.475,TRUE,Legal
194,Rebecca,Female,2/18/1995,6:50 AM,109259,4.443,TRUE,Legal
195,Irene,Female,1/30/2004,8:25 PM,131038,8.996,FALSE,Distribution
196,Ronald,Male,4/30/2014,2:19 PM,121068,12.757,TRUE,Product
197,Steven,Male,11/10/1985,10:53 AM,62719,19.127,FALSE,Client Services
198,Carolyn,Female,11/6/2012,3:51 AM,69268,3.031,FALSE,Client Services
199,Maria,Female,12/27/1990,9:57 PM,36067,9.64,TRUE,Product
200,Jonathan,Male,7/17/2009,8:15 AM,130581,16.736,TRUE,
201,Gary,Male,8/12/1987,12:04 AM,89661,8.525,FALSE,Finance
202,Kimberly,Female,7/15/1997,5:57 AM,36643,7.953,FALSE,Marketing
203,Roger,Male,11/8/1982,2:32 AM,140558,5.084,TRUE,Sales
204,Diana,Female,1/4/2013,7:53 AM,103521,2.784,TRUE,Business Development
205,Willie,Male,6/6/2006,9:45 AM,55281,4.935,TRUE,Marketing
206,Brandon,Male,3/27/2006,5:54 PM,115711,8.012,TRUE,Finance
207,Patricia,Female,12/6/2012,4:01 AM,114079,8.399,TRUE,Client Services
208,Katherine,Female,11/14/1999,8:15 AM,57531,1.767,FALSE,Client Services
209,Jonathan,Male,10/12/1987,2:59 AM,141069,4.903,FALSE,Human Resources
210,Emily,Female,9/20/2007,11:25 AM,89434,11.295,FALSE,Engineering
211,Ruth,Female,8/12/1986,7:29 PM,44639,9.148,TRUE,Legal
212,Linda,Female,6/24/2006,12:04 PM,110967,19.612,TRUE,Human Resources
213,Lisa,Female,11/2/2009,9:42 AM,115387,1.821,FALSE,Client Services
214,Evelyn,Female,5/24/1980,11:10 PM,81673,15.364,TRUE,Engineering
215,Julie,Female,7/23/1989,1:52 PM,109588,3.55,FALSE,Engineering
216,Mary,Female,5/30/2009,11:41 PM,92544,3.8,FALSE,Client Services
217,Matthew,Male,7/31/2013,8:04 AM,142373,2.462,FALSE,Marketing
218,Douglas,Male,9/3/1999,4:00 PM,83341,1.015,TRUE,Client Services
219,Gregory,,6/15/1992,5:08 AM,98865,10.628,TRUE,Finance
220,Billy,Male,3/13/1995,12:05 PM,120444,7.768,TRUE,Finance
221,,Female,6/17/1991,12:49 PM,71945,5.56,,Marketing
222,Gregory,Male,1/29/2000,6:01 AM,109564,3.845,FALSE,Legal
223,Jason,Male,10/17/1999,10:09 PM,78417,3.067,FALSE,Finance
224,Daniel,Male,4/30/2010,3:48 AM,106947,15.866,TRUE,Legal
225,Sarah,Female,9/14/1995,7:50 AM,87298,2.311,FALSE,Distribution
226,Harry,Male,10/1/2015,7:47 PM,64579,15.266,TRUE,Sales
227,Kathy,Female,4/19/1995,12:46 AM,50905,9.404,TRUE,Finance
228,Todd,Male,4/13/1999,10:31 AM,59728,11.226,TRUE,Client Services
229,Bobby,Male,9/23/1994,1:29 AM,51685,17.445,TRUE,Engineering
230,Jeremy,Male,6/8/2000,12:15 AM,49542,1.679,TRUE,Distribution
231,George,,2/24/1988,11:29 AM,38375,8.999,FALSE,Legal
232,Diane,Female,4/18/1993,3:22 AM,64084,17.018,FALSE,Product
233,Marilyn,Female,4/4/1997,9:28 PM,147663,10.263,FALSE,Human Resources
234,Kathryn,Female,2/4/2004,1:47 PM,73935,14.752,FALSE,Sales
235,Irene,Female,2/4/1982,5:26 PM,40837,12.182,TRUE,Client Services
236,Norma,Female,2/11/2015,11:44 PM,94393,3.643,TRUE,Engineering
237,Laura,Female,4/2/2006,1:57 PM,42087,2.624,FALSE,Product
238,Cheryl,Female,9/23/2008,2:57 AM,52080,9.375,FALSE,Legal
239,Kevin,Male,3/25/1982,7:31 AM,35061,5.128,FALSE,Legal
240,Lillian,,5/12/2016,3:43 PM,64164,17.612,FALSE,Human Resources
241,Phyllis,,4/21/1984,7:05 PM,94088,19.107,FALSE,Distribution
242,Walter,Male,7/6/1983,11:54 PM,127813,5.961,FALSE,Finance
243,Robert,Male,10/27/1990,7:15 PM,38041,18.428,TRUE,Engineering
244,Jimmy,Male,10/7/1986,5:53 PM,126310,5.413,TRUE,Product
245,Clarence,Male,10/8/1996,12:53 PM,142561,8.866,FALSE,Client Services
246,Victor,Male,4/11/1991,7:44 AM,70817,17.138,FALSE,Engineering
247,Fred,,12/2/1984,2:03 PM,59937,12.045,TRUE,Human Resources
248,Brenda,,7/27/2010,11:07 PM,106115,3.742,TRUE,Product
249,Justin,Male,12/6/1992,5:58 PM,82782,4.366,TRUE,Distribution
250,Betty,Female,6/12/2002,3:59 AM,104896,19.55,TRUE,Business Development
251,Randy,,2/6/1986,3:04 PM,133943,8.94,TRUE,Sales
252,Sharon,,3/1/1990,3:46 AM,83658,6.513,FALSE,Business Development
253,Ralph,Male,11/11/2004,1:35 AM,71896,4.232,TRUE,Marketing
254,,,4/28/2003,3:01 AM,113732,10.391,,Sales
255,Edward,Male,5/27/1985,10:13 PM,110485,7.995,FALSE,Client Services
256,Denise,Female,3/20/2009,7:57 AM,115118,5.108,FALSE,Human Resources
257,Debra,Female,3/13/1998,11:16 PM,48696,4.75,FALSE,Legal
258,,Male,11/25/1999,6:16 AM,42676,15.517,,Sales
259,Michael,Male,1/24/2002,3:04 AM,43586,12.659,FALSE,
260,Henry,Male,2/6/1995,8:34 AM,89258,15.585,TRUE,Human Resources
261,Gloria,Female,3/27/2007,1:44 AM,90730,2.491,FALSE,Distribution
262,Marie,Female,8/6/1995,1:58 PM,100308,13.677,FALSE,Product
263,Anne,Female,7/16/1986,2:08 PM,69134,3.723,TRUE,Engineering
264,Sarah,,11/21/1985,1:08 PM,58295,14.603,TRUE,Engineering
265,Stephanie,Female,3/24/1983,11:15 AM,50141,13.218,TRUE,Human Resources
266,Roy,Male,9/23/2004,1:31 PM,101941,3.45,FALSE,Client Services
267,,Female,8/5/2009,8:14 AM,115145,14.063,,Distribution
268,,Male,2/4/2005,1:01 PM,40451,16.044,,Distribution
269,Irene,Female,3/3/1982,8:26 AM,56526,5.81,TRUE,Finance
270,,Female,8/2/1992,8:35 PM,145316,18.517,,Human Resources
271,Thomas,Male,4/6/2011,1:04 PM,103235,9.554,TRUE,Human Resources
272,Frank,,11/20/2001,10:18 AM,58563,12.062,TRUE,Marketing
273,Fred,Male,2/20/1980,2:25 AM,74129,18.225,FALSE,Product
274,Nicholas,Male,4/12/1994,8:21 PM,74669,1.113,TRUE,Product
275,Howard,Male,10/5/1982,7:22 AM,97490,5.46,TRUE,Marketing
276,Debra,Female,2/22/1994,10:25 PM,104250,18.456,TRUE,Business Development
277,Christine,Female,7/3/1989,4:01 AM,94345,11.996,FALSE,Finance
278,Brenda,,5/29/1991,6:32 AM,82439,19.062,FALSE,Sales
279,Betty,Female,6/28/2005,6:03 PM,51613,12.984,FALSE,Distribution
280,Ruby,Female,11/8/2000,7:35 PM,105946,1.139,FALSE,Business Development
281,Kevin,Male,7/12/1997,2:07 AM,46080,9.635,FALSE,Business Development
282,Arthur,Male,1/1/2014,7:46 PM,134610,6.147,TRUE,Human Resources
283,Carl,,2/7/2014,3:57 AM,125104,12.345,FALSE,Client Services
284,Todd,Male,3/11/2009,3:43 AM,107281,1.612,TRUE,Engineering
285,Brenda,Female,10/6/2005,9:33 PM,141521,4.337,FALSE,Client Services
286,Judy,Female,9/16/1997,12:10 AM,65931,2.304,FALSE,Human Resources
287,Todd,Male,2/2/1984,10:13 AM,69989,10.985,TRUE,Finance
288,Lois,Female,11/9/2011,7:06 AM,147183,9.999,TRUE,Client Services
289,Walter,,12/21/1999,10:33 PM,66757,18.099,FALSE,Distribution
290,Jessica,Female,9/27/1985,1:35 PM,75145,6.388,TRUE,Legal
291,Jeremy,Male,6/14/1988,6:20 PM,129460,13.657,TRUE,
292,Tammy,Female,11/11/1984,10:30 AM,132839,17.463,TRUE,Client Services
293,Anne,Female,3/7/2000,6:45 AM,44537,18.284,TRUE,Client Services
294,Jesse,Male,10/25/1999,3:35 PM,118733,9.653,FALSE,Marketing
295,Virginia,Female,10/20/1999,6:23 AM,46905,19.154,FALSE,Distribution
296,Jesse,Male,3/2/1981,7:26 PM,79582,3.873,FALSE,Legal
297,Jeremy,,11/10/1996,1:49 PM,55394,3.18,TRUE,Sales
298,Daniel,Male,9/15/2007,10:16 PM,123811,7.664,TRUE,Human Resources
299,Patrick,,8/30/2004,11:43 AM,137314,4.542,TRUE,Marketing
300,Emily,Female,1/13/1988,6:42 AM,36711,19.028,TRUE,Human Resources
301,Alan,Male,6/26/1988,3:54 AM,111786,3.592,TRUE,Engineering
302,James,Male,7/11/2015,8:52 PM,72257,13.023,FALSE,Engineering
303,Adam,Male,7/5/2007,11:59 AM,71276,5.027,TRUE,Human Resources
304,Joan,,7/25/1980,12:22 PM,38712,3.657,FALSE,Client Services
305,Jeremy,Male,8/12/1981,12:05 AM,46930,18.702,TRUE,Finance
306,Margaret,Female,2/6/1993,1:05 PM,125220,3.733,FALSE,Marketing
307,Mark,Male,4/1/1984,1:21 PM,121477,17.44,TRUE,Business Development
308,Marilyn,Female,9/26/1981,2:23 AM,86386,2.937,FALSE,Distribution
309,Cheryl,Female,9/8/2009,10:16 AM,81308,2.196,TRUE,Legal
310,Benjamin,Male,9/11/1984,6:37 AM,84810,15.794,FALSE,Marketing
311,Harold,Male,2/20/1990,11:00 PM,66775,2.158,TRUE,Legal
312,Ernest,,1/18/2002,1:51 AM,72145,13.448,TRUE,Finance
313,Gerald,Male,4/16/2001,10:09 PM,121604,1.923,TRUE,Sales
314,Judy,Female,7/1/1991,2:33 AM,109510,13.457,TRUE,Legal
315,Bobby,Male,3/31/1996,5:40 PM,112117,6.338,FALSE,
316,Bobby,,9/1/1995,2:09 PM,108127,15.858,FALSE,Client Services
317,Marie,Female,10/3/2013,8:05 PM,123711,10.966,FALSE,Product
318,Kathy,Female,12/18/2013,3:09 PM,132381,8.34,FALSE,Business Development
319,Roy,Male,8/6/2006,7:52 AM,148225,1.841,FALSE,Finance
320,Jacqueline,Female,11/25/1981,3:01 PM,145988,18.243,FALSE,Marketing
321,,Female,7/8/2008,11:40 PM,62960,14.356,,Sales
322,Julie,Female,3/23/1986,9:26 AM,56926,7.507,FALSE,Sales
323,Douglas,Male,1/8/2002,6:42 PM,41428,14.372,FALSE,Product
324,Linda,Female,12/16/1990,2:20 AM,115658,3.041,TRUE,Sales
325,Ruby,Female,12/10/1988,8:27 PM,76707,6.031,FALSE,Business Development
326,Russell,Male,1/2/2005,1:48 AM,60388,17.885,FALSE,Client Services
327,Jeffrey,Male,6/18/1997,8:01 PM,45150,12.075,TRUE,Product
328,Aaron,Male,1/29/1994,6:48 PM,58755,5.097,TRUE,Marketing
329,Samuel,Male,12/19/1991,2:54 AM,76076,5.319,TRUE,Finance
330,,Male,1/27/2010,2:57 AM,87760,14.987,,Engineering
331,Randy,Male,3/16/2014,6:24 PM,135119,7.887,FALSE,Client Services
332,Evelyn,Female,9/3/1983,1:58 PM,36759,17.269,TRUE,Marketing
333,Fred,Male,2/13/1987,2:15 PM,121723,18.645,TRUE,Product
334,Shirley,Female,6/8/1986,2:25 AM,110061,7.494,FALSE,Client Services
335,Todd,Male,5/23/2011,4:14 PM,85074,1.844,FALSE,Client Services
336,Robert,Male,11/18/2014,5:00 AM,85799,19.93,FALSE,Finance
337,Mark,Male,1/22/2007,2:37 PM,75150,12.182,TRUE,Legal
338,Earl,Male,1/5/2000,5:46 PM,91344,4.035,TRUE,Sales
339,Richard,Male,9/27/2005,1:41 AM,86326,10.717,FALSE,Product
340,Michael,Male,11/22/1991,12:57 PM,98753,16.443,TRUE,Human Resources
341,Steven,Male,5/12/2009,2:14 PM,113060,2.846,TRUE,Sales
342,Carlos,Male,9/19/2007,1:01 AM,77327,11.58,TRUE,Finance
343,Marie,Female,10/20/2011,10:09 PM,62666,10.247,FALSE,Product
344,Ronald,Male,2/24/2009,2:09 PM,96633,4.99,TRUE,Engineering
345,Scott,Male,5/12/2009,4:36 AM,58248,3.914,FALSE,Business Development
346,Steven,Male,11/21/2006,8:30 AM,83706,6.96,TRUE,Human Resources
347,James,Male,11/22/1998,3:48 AM,74086,5.778,TRUE,Human Resources
348,Lori,Female,3/31/1988,10:59 PM,95389,14.223,FALSE,Sales
349,Philip,Male,8/2/1989,11:21 AM,129968,19.897,FALSE,Finance
350,Phyllis,Female,11/24/2005,11:57 PM,140347,8.723,FALSE,Sales
351,Thomas,,8/31/1995,8:31 PM,41549,3.95,FALSE,Sales
352,Cynthia,Female,12/3/2012,11:03 PM,74287,10.751,FALSE,Sales
353,,Male,10/9/2011,9:29 AM,69906,4.844,,Engineering
354,,Male,4/22/1997,9:36 PM,65078,3.095,,Marketing
355,Elizabeth,Female,11/10/2005,4:56 AM,106406,1.782,TRUE,Legal
356,Andrea,Female,9/14/2003,10:30 PM,115913,12.121,FALSE,Legal
357,Judy,Female,2/1/1990,3:32 PM,38092,5.668,FALSE,Distribution
358,Russell,Male,8/13/2014,3:51 PM,121160,7.843,FALSE,Engineering
359,Scott,Male,12/17/2011,3:45 AM,90429,4.45,FALSE,Product
360,Sarah,Female,5/22/1994,7:06 AM,64207,7.824,TRUE,Client Services
361,Susan,Female,9/25/2004,1:30 AM,80688,18.892,TRUE,Sales
362,Margaret,Female,5/5/2014,6:01 AM,55044,4.078,FALSE,Sales
363,Joshua,Male,11/9/2009,6:32 AM,72893,9.555,FALSE,Distribution
364,Justin,,4/15/2005,8:43 PM,96978,13.865,FALSE,Finance
365,Juan,Male,4/16/2002,11:09 PM,97364,3.595,FALSE,Product
366,Gloria,,7/19/1983,1:57 AM,140885,1.113,FALSE,Human Resources
367,Jennifer,,1/24/1989,8:38 PM,58520,16.231,TRUE,Client Services
368,Edward,Male,8/4/1989,6:06 AM,66067,10.957,TRUE,
369,Marilyn,Female,12/17/1982,12:10 PM,147183,8.748,FALSE,Business Development
370,Mary,Female,10/18/2009,6:32 PM,87721,12.484,FALSE,Product
371,Linda,Female,7/15/2009,10:12 PM,144001,2.194,FALSE,Business Development
372,Larry,Male,8/27/2003,1:00 PM,91133,5.14,FALSE,Sales
373,Albert,Male,2/1/1997,4:20 PM,67827,19.717,TRUE,Engineering
374,Kenneth,Male,4/13/1999,10:28 PM,81839,12.072,FALSE,Sales
375,,Female,12/31/2006,11:02 PM,81444,3.171,,Distribution
376,Gregory,,7/9/2011,11:31 PM,137661,4.805,TRUE,Sales
377,Brandon,Male,10/16/2015,2:44 AM,112548,4.664,FALSE,Engineering
378,Stephen,Male,4/9/1987,12:47 PM,111249,10.574,TRUE,Human Resources
379,Russell,Male,10/30/1994,5:46 AM,114334,9.669,FALSE,Product
380,,Female,9/18/2002,12:39 PM,118906,4.537,,Marketing
381,Pamela,,7/15/2001,1:33 PM,72979,5.66,FALSE,Sales
382,Scott,Male,8/3/1996,1:50 AM,64172,10.894,TRUE,Engineering
383,,Female,4/18/1996,3:57 PM,107024,12.182,,
384,Carlos,Male,7/28/2010,3:08 PM,50167,2.362,FALSE,Product
385,Jack,Male,12/24/1980,10:58 PM,106995,15.723,FALSE,Product
386,Debra,Female,1/19/2010,8:48 AM,70492,8.895,FALSE,Client Services
387,Phyllis,Female,1/15/1995,5:27 AM,125881,16.697,FALSE,Sales
388,Robert,Male,10/29/1994,4:26 AM,123294,19.894,FALSE,Client Services
389,Gloria,Female,9/19/1989,7:40 PM,131045,11.312,TRUE,Product
390,Sharon,,10/28/1984,5:59 PM,97635,10.413,TRUE,Client Services
391,Barbara,,4/26/2001,12:22 AM,94493,13.443,TRUE,Sales
392,Marilyn,Female,8/15/1989,9:14 AM,140502,9.989,TRUE,Sales
393,Ralph,Male,10/27/2010,10:28 AM,106310,4.03,TRUE,Client Services
394,Harry,,12/5/1996,5:45 AM,46240,6.976,TRUE,Engineering
395,Robin,Female,1/8/1998,2:12 AM,111163,5.025,TRUE,Product
396,Kathy,Female,11/25/2001,9:55 PM,93753,7.094,TRUE,Sales
397,Rose,Female,7/6/2002,3:57 PM,63494,19.385,TRUE,Human Resources
398,Clarence,Male,1/13/2005,9:00 AM,116693,13.835,TRUE,Distribution
399,Doris,Female,7/29/1992,6:40 PM,85215,7.425,TRUE,Human Resources
400,Kathryn,Female,6/9/1988,9:29 AM,86439,7.799,FALSE,Finance
401,Billy,,3/16/2004,8:21 AM,62913,18.241,TRUE,Marketing
402,Norma,Female,4/16/1996,5:40 AM,38872,9.302,TRUE,Business Development
403,Richard,,11/28/1992,5:05 PM,124655,14.272,TRUE,Engineering
404,Craig,Male,2/8/1984,4:45 AM,113506,19.642,FALSE,Marketing
405,Sarah,,7/20/1990,10:49 PM,109980,8.86,FALSE,Sales
406,Sharon,Female,3/9/2014,4:39 PM,91522,7.564,FALSE,Finance
407,Mary,Female,8/22/2010,8:03 AM,42214,17.538,TRUE,Business Development
408,Steve,,2/23/2002,3:55 AM,83159,9.55,TRUE,Distribution
409,Joe,Male,12/5/2010,4:20 PM,144082,1.62,TRUE,Client Services
410,Jeremy,Male,5/29/1994,6:24 AM,47885,19.276,TRUE,Human Resources
411,Ernest,Male,8/14/2012,11:25 AM,126232,6.191,TRUE,Sales
412,Kevin,Male,6/23/1981,8:26 PM,134598,11.699,FALSE,Business Development
413,Jacqueline,Female,2/11/2007,2:01 AM,66604,14.609,FALSE,Legal
414,Johnny,Male,9/14/1992,8:21 AM,115194,5.861,TRUE,Marketing
415,Gary,Male,8/18/2011,8:12 AM,49101,11.9,TRUE,Business Development
416,Shirley,,11/16/1990,6:01 PM,67811,12.699,FALSE,Finance
417,,Male,6/29/2008,5:23 AM,111043,5.966,,Distribution
418,Sarah,,8/31/1981,2:51 PM,37748,9.047,FALSE,Human Resources
419,Julia,Female,3/2/1982,12:52 PM,36403,2.664,TRUE,Finance
420,Dorothy,Female,11/5/2013,10:50 PM,140136,3.12,TRUE,Business Development
421,Justin,Male,5/22/1986,6:30 AM,121508,19.334,TRUE,Finance
422,Kevin,Male,11/20/1986,6:59 PM,79906,18.021,TRUE,Sales
423,Victor,Male,9/24/2005,12:04 PM,123144,16.261,TRUE,Product
424,Deborah,Female,11/25/1980,4:33 AM,46953,17.436,FALSE,Client Services
425,Matthew,,6/9/2003,7:35 AM,79443,14.637,FALSE,Human Resources
426,Alice,Female,5/2/1986,1:50 AM,51395,2.378,TRUE,Finance
427,Todd,Male,3/16/2016,2:45 PM,134408,3.56,TRUE,Human Resources
428,Frank,Male,1/10/1981,1:30 PM,71853,8.037,TRUE,Sales
429,Christopher,Male,5/13/1999,10:48 AM,68028,7.869,TRUE,Finance
430,Rose,Female,5/28/2015,8:40 AM,149903,5.63,FALSE,Human Resources
431,Andrea,Female,10/1/2010,11:54 AM,79123,19.422,FALSE,Distribution
432,Charles,Male,12/16/1999,8:28 PM,104014,7.077,FALSE,Legal
433,Jessica,,3/7/2015,8:45 PM,121160,12.993,FALSE,Client Services
434,Wanda,Female,7/20/2008,1:44 PM,65362,7.132,TRUE,Legal
435,Joyce,Female,2/7/1995,7:38 AM,50701,14.227,TRUE,
436,Billy,Male,12/1/2006,3:32 PM,144709,10.069,TRUE,Distribution
437,Kathryn,Female,8/29/2007,6:10 AM,53061,11.864,TRUE,Finance
438,Denise,Female,3/18/2001,12:02 AM,36697,11.196,TRUE,Sales
439,Jason,Male,11/20/1998,2:54 PM,69244,6.22,TRUE,
440,Nicholas,Male,3/1/2013,9:26 PM,101036,2.826,TRUE,Human Resources
441,Aaron,Male,7/22/1990,2:53 PM,52119,11.343,TRUE,Client Services
442,Louise,Female,5/13/2003,9:47 AM,46666,1.886,TRUE,Business Development
443,Julie,Female,4/23/1998,5:52 AM,73437,2.518,TRUE,Finance
444,Kathy,Female,5/8/1987,6:19 PM,86318,18.492,TRUE,Sales
445,,Male,5/24/2016,9:17 PM,76409,7.008,,Distribution
446,Chris,Male,12/12/2006,1:57 AM,71642,1.496,FALSE,
447,Cheryl,Female,8/16/1994,8:33 AM,67150,15.85,TRUE,Marketing
448,Gregory,Male,5/15/2009,3:52 PM,142208,11.204,TRUE,Engineering
449,Wayne,Male,1/30/1992,3:01 PM,81183,17.066,FALSE,Client Services
450,Beverly,Female,11/30/2005,2:57 AM,107163,3.665,TRUE,Human Resources
451,Willie,Male,8/22/2009,1:03 PM,55038,19.691,FALSE,Legal
452,Terry,,7/15/2016,12:29 AM,140002,19.49,TRUE,Marketing
453,Scott,Male,11/17/2012,2:47 PM,146812,1.965,TRUE,Marketing
454,Annie,Female,12/19/1994,6:19 AM,40119,4.338,TRUE,Human Resources
455,,Male,2/21/1995,12:26 AM,136602,10.429,,Marketing
456,Ruth,Female,10/24/2000,4:13 AM,69579,18.029,TRUE,Human Resources
457,Deborah,,2/3/1983,11:38 PM,101457,6.662,FALSE,Engineering
458,Patricia,Female,1/9/2015,4:16 AM,121232,16.624,FALSE,Legal
459,Albert,Male,9/30/2007,5:34 PM,102626,15.843,FALSE,Finance
460,Charles,,3/1/1987,1:00 PM,137171,5.574,TRUE,Marketing
461,Tina,Female,1/17/2005,9:11 AM,88276,14.248,FALSE,Legal
462,Jeremy,Male,8/9/2001,3:56 AM,43354,13.946,FALSE,Marketing
463,Craig,Male,4/14/1996,9:17 AM,125556,7.996,FALSE,Engineering
464,Jose,Male,7/11/2002,9:15 AM,59862,3.269,FALSE,Product
465,Lawrence,Male,5/13/2005,1:25 AM,74640,18.641,FALSE,Marketing
466,Helen,Female,10/31/1997,2:43 AM,52875,4.188,FALSE,Legal
467,Walter,Male,8/4/2007,1:59 PM,58789,5.461,FALSE,Sales
468,Amy,Female,6/19/2002,3:06 AM,122897,8.222,TRUE,Engineering
469,Janice,Female,6/28/1997,1:48 PM,136032,10.696,TRUE,Marketing
470,Stephen,Male,5/9/2015,7:07 PM,141958,9.078,TRUE,Legal
471,Ryan,Male,7/20/1993,10:18 PM,139917,11.466,FALSE,Distribution
472,Sharon,Female,3/12/2002,6:32 AM,147635,14.693,FALSE,Human Resources
473,Joshua,Male,7/10/1984,7:22 PM,68230,8.047,FALSE,Client Services
474,Clarence,Male,8/20/1992,8:23 PM,124365,8.457,FALSE,Business Development
475,Jonathan,Male,8/15/2002,12:01 AM,104749,11.364,FALSE,Engineering
476,Stephanie,Female,11/26/1992,12:54 AM,122121,7.937,TRUE,Engineering
477,Kathy,Female,10/25/1996,12:59 PM,143541,8.461,FALSE,Human Resources
478,Albert,Male,8/14/2008,5:43 PM,137840,9.705,FALSE,Business Development
479,Michael,Male,5/22/2011,10:42 AM,73354,18.357,FALSE,Business Development
480,Richard,Male,7/4/1997,11:47 AM,47647,18.787,TRUE,
481,Amy,Female,3/30/2008,10:54 PM,106249,15.967,FALSE,Sales
482,,Female,4/27/2013,6:40 AM,93847,1.085,,Business Development
483,Beverly,,5/3/1995,5:49 AM,104815,3.38,FALSE,Product
484,,Female,4/26/1992,8:01 PM,115436,3.099,,Human Resources
485,Joe,Male,4/14/2000,3:14 PM,50645,11.119,FALSE,Marketing
486,Ashley,Female,8/15/1997,9:48 PM,142415,1.985,TRUE,Finance
487,Howard,Male,4/9/2012,6:36 AM,37984,2.021,FALSE,Distribution
488,Cheryl,Female,12/3/2014,9:27 AM,71751,15.918,FALSE,Business Development
489,Robert,Male,3/11/2007,11:20 AM,135882,19.944,FALSE,Legal
490,Sharon,Female,7/1/2011,9:50 AM,46007,19.731,TRUE,Client Services
491,Judith,Female,11/23/2007,1:22 PM,117055,7.461,FALSE,Marketing
492,Nicholas,,9/9/1989,7:12 PM,58478,6.525,TRUE,Distribution
493,Jerry,Male,1/30/1995,7:51 PM,121357,18.845,FALSE,Business Development
494,Craig,Male,11/1/2005,11:31 PM,44857,13.266,FALSE,Finance
495,Barbara,Female,3/21/2002,8:02 AM,47322,7.25,TRUE,Sales
496,Eugene,Male,5/24/1984,10:54 AM,81077,2.117,FALSE,Sales
497,Johnny,Male,2/26/2016,7:39 PM,76394,5.437,TRUE,Marketing
498,Benjamin,Male,5/5/2013,3:28 PM,114356,7.123,FALSE,Client Services
499,Diana,Female,6/13/1994,4:21 PM,41831,4.548,FALSE,Business Development
500,Barbara,,12/10/1980,11:04 PM,90187,14.764,TRUE,Distribution
501,Christine,Female,2/1/2003,1:11 PM,72613,11.126,FALSE,Legal
502,Sean,Male,2/11/2013,7:07 PM,42748,9.765,FALSE,Distribution
503,Sarah,Female,11/3/1980,2:47 PM,37259,1.763,FALSE,Client Services
504,Roger,Male,8/3/2015,4:56 PM,125033,4.887,TRUE,Marketing
505,,Female,6/24/2014,10:05 AM,38275,10.494,,Distribution
506,,Male,4/20/1980,1:17 PM,71520,13.248,,Engineering
507,Donald,Male,7/14/1995,7:51 AM,106472,6.499,TRUE,Client Services
508,Clarence,Male,11/3/2015,12:11 AM,103684,18.654,TRUE,Engineering
509,Scott,Male,11/23/1996,7:36 PM,96111,15.592,FALSE,Human Resources
510,Ann,Female,11/4/1984,12:17 PM,90719,6.22,FALSE,Business Development
511,Frank,Male,4/27/2003,12:04 PM,140303,17.07,FALSE,Legal
512,Joe,Male,7/4/1983,7:32 AM,62161,8.13,TRUE,Business Development
513,Wanda,Female,4/6/1993,3:11 AM,78883,19.695,FALSE,
514,Jimmy,Male,11/19/2013,7:29 PM,63549,19.624,FALSE,
515,Amy,,12/25/1984,10:52 AM,63888,18.115,TRUE,Product
516,Larry,Male,1/8/1999,2:05 AM,97370,10.458,FALSE,Sales
517,Gloria,Female,4/12/1992,8:26 PM,66224,15.979,TRUE,Legal
518,Ruth,Female,12/12/1996,10:07 AM,97915,3.997,TRUE,Human Resources
519,Diana,Female,1/19/1995,12:37 AM,86883,18.003,TRUE,Product
520,Raymond,Male,2/16/2009,10:38 PM,37812,3.178,FALSE,Human Resources
521,Peter,Male,2/22/2003,9:09 AM,56580,8.411,TRUE,
522,,,9/25/1981,9:59 AM,83895,17.971,,Engineering
523,Catherine,Female,8/31/2013,7:24 PM,58047,14.858,TRUE,Distribution
524,Diane,Female,7/5/1982,4:56 PM,124889,15.026,TRUE,Sales
525,Peter,,10/13/2014,9:33 PM,118840,14.509,TRUE,Client Services
526,Steve,Male,8/22/1995,6:58 AM,67780,9.54,TRUE,Human Resources
527,Barbara,Female,3/22/2004,8:11 AM,144677,8.696,FALSE,Finance
528,Helen,,12/2/1993,1:42 PM,45724,1.022,FALSE,Product
529,Jimmy,,8/26/1983,2:48 AM,86676,7.175,TRUE,Product
530,Christopher,Male,4/23/2014,7:52 AM,82401,7.252,FALSE,Client Services
531,Kathleen,Female,6/13/2014,9:16 AM,35575,14.595,FALSE,Distribution
532,Virginia,Female,5/2/2010,9:10 PM,123649,10.154,TRUE,Marketing
533,Lisa,Female,2/26/2005,6:33 PM,38078,10.28,TRUE,Product
534,Earl,Male,2/11/2014,9:03 PM,52620,13.773,FALSE,Product
535,Gerald,,1/8/1992,3:50 PM,133366,12.292,FALSE,Legal
536,Louise,Female,9/18/1981,5:47 AM,91462,8.205,FALSE,Marketing
537,Clarence,Male,8/26/1982,9:47 AM,146589,4.905,TRUE,Business Development
538,Cynthia,Female,9/14/1991,1:08 PM,51633,13.472,TRUE,Business Development
539,Adam,Male,10/8/2010,9:53 PM,45181,3.491,FALSE,Human Resources
540,Justin,Male,9/6/1999,10:30 AM,62454,3.459,TRUE,Sales
541,,Female,12/2/2009,3:30 AM,84746,4.82,,Finance
542,Ruby,Female,5/1/1999,3:36 AM,147362,7.851,TRUE,Engineering
543,Amanda,Female,8/1/2004,1:32 PM,80803,14.077,TRUE,Distribution
544,Anna,Female,4/15/2008,2:34 PM,117293,2.366,FALSE,Client Services
545,Roger,Male,7/3/2010,5:11 PM,105689,13.32,TRUE,Marketing
546,Julie,,2/4/1999,5:35 PM,93302,9.048,TRUE,Product
547,Joseph,Male,9/10/1992,6:50 PM,102555,3.672,TRUE,Product
548,Evelyn,Female,9/22/1998,7:55 PM,51525,10.366,FALSE,Finance
549,Janice,Female,1/2/1984,9:06 PM,41190,3.311,TRUE,Sales
550,Sara,Female,2/25/1980,10:50 PM,75484,3.186,FALSE,Finance
551,Gregory,Male,6/18/1984,3:46 AM,82726,16.304,TRUE,Marketing
552,Philip,Male,7/18/1985,6:36 AM,122319,19.122,FALSE,Engineering
553,Barbara,Female,9/2/1991,3:41 PM,127297,11.905,TRUE,Product
554,Amanda,Female,6/7/2002,7:46 AM,109290,13.853,FALSE,Engineering
555,Phyllis,,10/25/1985,7:11 AM,99150,6.007,FALSE,Client Services
556,Anne,Female,10/26/1996,8:09 PM,71930,18.451,TRUE,Product
557,Arthur,Male,12/16/2014,4:56 PM,66819,6.639,TRUE,Marketing
558,Jane,Female,6/1/1994,8:39 AM,42424,18.115,FALSE,Distribution
559,Linda,Female,8/18/1985,4:34 AM,51431,13.295,FALSE,Engineering
560,Ashley,Female,11/17/1999,9:18 PM,120675,6.51,FALSE,Human Resources
561,Shawn,Male,12/3/2009,10:24 AM,96610,2.097,TRUE,Client Services
562,Kathleen,Female,9/20/1996,3:45 PM,71430,8.572,FALSE,Engineering
563,Sara,,10/7/1983,1:35 PM,87713,18.863,TRUE,Legal
564,Randy,Male,5/2/2002,7:39 PM,86723,14.842,FALSE,Engineering
565,Andrew,Male,3/29/1985,6:57 PM,43414,7.563,TRUE,Client Services
566,Marilyn,Female,8/9/2006,11:24 AM,87145,17.33,FALSE,Human Resources
567,Johnny,Male,1/8/1995,1:35 PM,91124,12.986,TRUE,Distribution
568,,Female,4/1/1980,8:04 PM,48141,12.605,,
569,Susan,Female,4/18/1986,9:31 AM,90829,19.142,FALSE,Marketing
570,Ruby,Female,7/7/1980,3:42 AM,101262,6.773,FALSE,Client Services
571,Kelly,Female,8/16/1996,3:09 AM,41427,1.431,FALSE,Product
572,Jonathan,Male,4/6/1995,10:38 PM,56993,18.623,FALSE,Marketing
573,Raymond,Male,1/13/1996,4:14 PM,114244,16.69,FALSE,Human Resources
574,Kimberly,Female,12/30/1981,4:51 AM,81800,5.435,TRUE,
575,,Female,1/13/2009,1:01 PM,118736,7.421,,Client Services
576,John,Male,1/22/1995,12:17 AM,66077,5.809,TRUE,Product
577,Michael,Male,7/30/1993,5:35 PM,35013,14.879,FALSE,Product
578,Jerry,Male,5/4/2003,4:29 AM,98393,11.393,FALSE,Client Services
579,Amanda,Female,3/17/1982,11:46 PM,107111,1.438,TRUE,Product
580,Harold,Male,10/18/2010,8:45 PM,65673,1.187,TRUE,Legal
581,Harry,Male,1/27/1985,8:18 PM,65482,18.089,FALSE,
582,Ernest,Male,1/28/1990,12:08 AM,81919,15.118,FALSE,Marketing
583,Harry,Male,11/19/1982,11:25 AM,59277,10.2,FALSE,Finance
584,Diane,Female,2/2/1988,6:14 PM,49501,13.506,FALSE,Business Development
585,Jack,Male,5/30/2012,3:17 AM,70367,18.266,TRUE,Legal
586,Shirley,Female,4/16/1988,11:09 AM,132156,2.754,FALSE,Marketing
587,Rose,Female,10/30/2004,4:34 PM,56961,7.585,FALSE,Marketing
588,Cheryl,Female,7/23/1982,6:28 AM,98841,8.945,TRUE,Client Services
589,Cynthia,Female,5/23/1980,3:19 AM,78226,2.419,FALSE,Human Resources
590,Sandra,Female,4/24/1995,7:14 PM,116931,9.657,TRUE,Human Resources
591,Andrea,Female,10/30/1994,11:23 AM,87575,13.346,TRUE,Business Development
592,Rachel,Female,4/22/1988,12:01 PM,110924,7.808,FALSE,Distribution
593,Justin,Male,5/24/1981,11:15 PM,78351,15.221,FALSE,Sales
594,Marie,Female,11/23/2000,5:06 AM,125574,4.644,FALSE,Sales
595,Louis,Male,4/15/2011,5:02 AM,95198,2.075,FALSE,Business Development
596,Nancy,Female,5/7/1985,10:20 PM,121006,3.512,TRUE,Finance
597,Mark,Male,10/3/1984,5:31 AM,95728,6.752,TRUE,Business Development
598,Teresa,Female,6/24/1987,7:37 PM,69740,8.294,FALSE,Distribution
599,Frances,Female,7/21/2001,2:34 AM,91996,11.506,FALSE,Product
600,,Female,10/11/1990,10:57 PM,98385,10.925,,Human Resources
601,Barbara,,12/20/1994,10:09 AM,90556,15.749,TRUE,Distribution
602,Christine,,6/15/1980,6:00 PM,50366,9.862,TRUE,Marketing
603,Bobby,,7/21/2003,3:50 PM,84232,15.704,TRUE,Engineering
604,Carl,,10/26/1991,8:11 AM,100888,12.49,TRUE,Business Development
605,Bruce,Male,3/15/2013,11:13 PM,141335,15.427,TRUE,Engineering
606,Rose,Female,5/20/1982,9:14 AM,97691,2.142,FALSE,Client Services
607,Mildred,Female,2/21/1981,3:30 AM,47266,10.256,FALSE,Client Services
608,,Male,10/13/1983,11:59 PM,139754,12.74,,Sales
609,,Female,10/24/1993,5:17 PM,116236,17.274,,Engineering
610,Todd,Male,2/16/2010,11:29 AM,103405,15.91,FALSE,Sales
611,Alan,Male,2/17/2012,12:26 AM,41453,10.084,FALSE,Product
612,Elizabeth,,2/16/1981,3:58 AM,52730,12.525,FALSE,Marketing
613,Julie,,10/21/2000,1:15 AM,60361,7.099,TRUE,Distribution
614,Teresa,,1/3/1992,3:47 PM,63103,11.378,FALSE,Finance
615,Eric,Male,11/12/2004,9:16 PM,65168,11.513,FALSE,Distribution
616,Edward,Male,8/30/2001,1:24 AM,73105,6.083,TRUE,Engineering
617,Kimberly,Female,12/6/1986,2:23 PM,37916,12.929,TRUE,Distribution
618,Kathy,Female,1/14/2001,5:11 AM,45682,1.451,TRUE,Marketing
619,Peter,Male,11/24/1992,5:43 PM,69297,1.268,FALSE,Finance
620,Beverly,Female,10/22/1990,2:45 PM,59070,19.064,TRUE,Engineering
621,Ralph,Male,3/7/2012,2:25 AM,81215,8.4,FALSE,Finance
622,Justin,Male,8/10/1997,11:00 PM,128036,18.824,FALSE,Client Services
623,Irene,Female,6/23/2005,11:03 AM,89780,8.999,TRUE,Sales
624,Irene,Female,11/29/2006,2:14 PM,125018,9.601,TRUE,Legal
625,Jeremy,Male,11/26/1997,8:22 AM,133033,12.2,FALSE,Sales
626,Cynthia,Female,6/29/2015,6:38 AM,82408,8.701,TRUE,Marketing
627,,Female,4/13/1997,8:03 AM,131755,2.93,,
628,Anne,Female,11/21/1984,12:30 PM,128305,16.636,FALSE,Marketing
629,,,9/2/1988,12:49 PM,147309,1.702,,Distribution
630,Debra,Female,3/12/1983,12:19 PM,74911,19.513,FALSE,Marketing
631,Michael,Male,7/13/1988,1:48 PM,47079,2.617,FALSE,Legal
632,Jason,,3/6/2008,1:20 AM,82873,1.869,FALSE,Client Services
633,Rebecca,Female,2/23/1990,3:21 PM,134673,6.878,FALSE,Engineering
634,Andrea,Female,11/17/2011,2:37 PM,123591,6.5,TRUE,Engineering
635,Carl,Male,3/30/1987,5:59 PM,75598,19.289,FALSE,
636,Randy,Male,9/27/2000,3:04 AM,89831,13.047,TRUE,
637,Marilyn,Female,7/2/1984,4:06 PM,92430,2.924,FALSE,Engineering
638,Wayne,Male,9/2/2009,1:37 AM,126956,18.396,FALSE,Human Resources
639,Frances,Female,11/12/1996,6:08 PM,112467,1.433,FALSE,Business Development
640,Amanda,,8/11/1991,2:15 PM,46665,19.391,TRUE,Client Services
641,Kathleen,Female,8/28/2004,10:49 AM,42553,3.756,TRUE,Distribution
642,Amanda,Female,1/25/1995,5:06 AM,102081,5.203,FALSE,Sales
643,Amanda,,3/16/2010,9:17 AM,135118,15.108,FALSE,Finance
644,Shawn,Male,9/29/1987,10:11 PM,71975,9.77,FALSE,Human Resources
645,Katherine,Female,8/13/1996,12:21 AM,149908,18.912,FALSE,Finance
646,Anna,,3/13/1985,9:19 AM,45418,10.162,FALSE,Marketing
647,Elizabeth,Female,2/21/2010,7:02 AM,79145,19.78,FALSE,Finance
648,Donald,Male,4/6/1988,10:00 AM,122920,5.32,FALSE,
649,Gregory,Male,11/15/1999,5:22 PM,128031,15.857,TRUE,Business Development
650,Ruth,Female,2/17/2004,5:38 AM,59969,14.064,TRUE,Finance
651,Cynthia,Female,7/5/1986,1:24 AM,35381,11.749,FALSE,Finance
652,Deborah,Female,11/21/1985,1:40 PM,113129,17.371,FALSE,Client Services
653,Willie,Male,12/5/2009,5:39 AM,141932,1.017,TRUE,Engineering
654,Debra,Female,5/28/2006,6:51 AM,42296,16.922,FALSE,Product
655,Carl,Male,12/14/1984,8:49 PM,63395,11.411,FALSE,Legal
656,Walter,Male,9/24/2007,11:16 PM,125382,13.613,TRUE,Client Services
657,Lisa,Female,2/9/1982,6:44 PM,113592,17.108,TRUE,Marketing
658,Rebecca,Female,3/5/2000,10:33 AM,46750,11.367,TRUE,Sales
659,Jessica,Female,10/19/1986,9:58 PM,90285,13.591,TRUE,Client Services
660,Steve,,8/27/2009,3:41 PM,53692,4.785,TRUE,Marketing
661,Mary,,12/24/1986,7:02 PM,100341,6.662,FALSE,Distribution
662,Craig,Male,8/21/1995,2:38 AM,123876,4.225,FALSE,Engineering
663,Katherine,Female,12/19/2000,1:40 AM,41643,4.659,TRUE,Distribution
664,Andrea,Female,8/31/1989,11:10 PM,113760,12.866,TRUE,Distribution
665,Timothy,Male,10/6/2010,10:49 PM,49473,12.463,FALSE,Legal
666,Anthony,Male,2/13/2013,1:35 PM,146141,3.645,TRUE,Distribution
667,Harold,,2/4/2004,11:02 AM,79459,7.776,TRUE,Business Development
668,Douglas,,2/4/2009,2:03 AM,104496,14.771,TRUE,Marketing
669,James,Male,12/5/2001,7:06 AM,67789,17.105,TRUE,Legal
670,Joseph,,3/28/1982,1:05 PM,86564,11.879,TRUE,
671,Martha,Female,9/14/2001,3:22 AM,135758,14.782,TRUE,Client Services
672,Laura,Female,7/12/2000,6:07 PM,84672,3.96,FALSE,Distribution
673,Robert,Male,11/5/1982,12:41 PM,111580,10.982,FALSE,Human Resources
674,Ralph,Male,3/24/1996,11:54 AM,50455,16.248,FALSE,Business Development
675,,Male,8/28/2012,7:56 PM,88733,1.932,,Human Resources
676,Diane,Female,10/30/2009,6:56 PM,130577,12.791,FALSE,Marketing
677,Annie,Female,6/6/1992,10:04 AM,138925,9.801,TRUE,Marketing
678,Jacqueline,Female,9/20/1994,6:07 PM,62371,15.77,TRUE,Client Services
679,Brenda,Female,4/17/1984,7:12 AM,87715,2.675,FALSE,Product
680,Lori,Female,9/11/2002,7:36 AM,66029,3.345,TRUE,Client Services
681,Albert,Male,6/17/1992,3:25 AM,86818,14.301,TRUE,Engineering
682,Frank,Male,11/23/2002,6:10 PM,75147,17.398,FALSE,Product
683,Deborah,Female,4/23/2000,6:55 PM,105573,5.268,TRUE,Product
684,Robin,,12/20/2005,2:42 PM,41230,6.611,TRUE,Distribution
685,Alice,Female,1/21/2016,5:07 PM,117787,10.485,FALSE,
686,,Male,10/20/1989,9:37 AM,88086,19.387,,Finance
687,Paul,,2/18/2011,12:23 PM,91462,18.704,FALSE,Finance
688,,Male,12/27/1996,7:07 AM,139959,8.992,,Distribution
689,Brian,Male,4/7/2007,10:47 PM,93901,17.821,TRUE,Legal
690,Julie,,5/8/1980,6:31 AM,50529,17.263,FALSE,Finance
691,Bruce,Male,1/28/2007,11:10 PM,134988,13.926,TRUE,Sales
692,Joan,Female,10/2/2007,2:53 AM,120941,3.694,TRUE,Finance
693,Harold,Male,5/15/2007,6:37 PM,118753,8.162,FALSE,Sales
694,Alice,Female,10/16/1995,9:19 PM,92799,2.782,FALSE,Sales
695,Barbara,Female,11/12/2011,12:35 AM,85718,13.326,FALSE,Client Services
696,Sarah,Female,4/6/1999,11:17 AM,109517,5.146,FALSE,Human Resources
697,Samuel,Male,5/25/2012,4:40 PM,85550,11.593,TRUE,Marketing
698,,Male,5/23/1990,2:09 AM,136655,9.801,,Distribution
699,Barbara,,8/2/2002,5:13 AM,43312,8.218,TRUE,Legal
700,Amy,,5/19/1984,11:47 AM,102839,10.385,TRUE,Distribution
701,Frank,Male,3/2/2009,9:15 PM,78891,7.927,TRUE,Distribution
702,Robin,,9/16/2005,1:26 AM,93201,11.712,TRUE,Legal
703,Debra,Female,3/17/2011,1:12 PM,84693,6.976,TRUE,Finance
704,Brandon,,5/31/2004,3:36 PM,73587,9.769,TRUE,Human Resources
705,Thomas,Male,9/7/1991,9:51 AM,65251,11.211,FALSE,Distribution
706,Harry,Male,9/23/2015,1:36 AM,129148,15.193,TRUE,Engineering
707,Todd,Male,7/4/1993,6:53 PM,128175,18.473,TRUE,
708,Patricia,Female,3/7/1998,1:10 AM,75825,7.839,FALSE,Engineering
709,Steve,Male,1/11/2002,9:17 PM,51821,1.197,TRUE,Legal
710,,Male,4/7/1995,4:32 AM,60411,12.048,,Human Resources
711,Edward,Male,11/27/1997,1:00 AM,58327,17.095,TRUE,Finance
712,Karen,Female,1/9/2014,10:09 PM,46478,16.552,FALSE,Engineering
713,Martin,,2/6/2001,4:17 AM,123963,15.745,TRUE,Engineering
714,Ann,Female,9/28/1994,5:44 AM,79796,9.851,FALSE,Distribution
715,Jonathan,Male,7/30/1984,6:02 PM,83809,12.922,FALSE,Distribution
716,Peter,Male,3/22/1982,7:28 AM,77933,13.132,TRUE,Engineering
717,Eric,Male,6/15/1993,3:56 AM,51070,13.806,TRUE,Business Development
718,Jason,,4/15/1988,8:16 PM,97480,11.518,FALSE,Human Resources
719,Terry,Male,10/21/2010,11:18 PM,58357,7.969,FALSE,Engineering
720,John,Male,1/29/1999,3:07 AM,67165,13.001,FALSE,Engineering
721,Marie,Female,4/8/1983,2:01 PM,145988,18.685,TRUE,Human Resources
722,Harold,Male,4/16/2010,5:13 AM,147417,11.626,TRUE,Business Development
723,Joshua,Male,6/27/1997,3:23 PM,95003,5.197,TRUE,Marketing
724,Brandon,,9/5/1992,2:32 AM,144187,11.416,TRUE,Legal
725,Andrea,Female,12/10/2001,6:40 AM,37888,13.47,FALSE,Engineering
726,Jeremy,Male,5/19/1991,1:40 PM,131513,1.876,TRUE,Finance
727,Daniel,Male,2/29/2016,4:04 AM,77287,13,TRUE,
728,Roy,Male,5/10/2004,1:22 PM,46875,12.942,TRUE,Sales
729,Dorothy,Female,10/8/2008,12:22 AM,82744,19.111,TRUE,Client Services
730,Steven,Male,9/7/1986,12:32 AM,43252,18.892,FALSE,Client Services
731,Nicole,Female,4/26/2009,12:40 AM,66047,18.674,TRUE,Marketing
732,Ann,Female,7/16/2001,9:27 AM,118431,12.772,TRUE,Finance
733,Henry,Male,5/12/1986,2:04 AM,59943,1.432,FALSE,Finance
734,,Male,6/17/2009,1:00 PM,136681,3.655,,Business Development
735,,Female,12/18/1994,8:42 PM,138807,1.4,,Human Resources
736,Barbara,Female,11/26/2002,5:32 AM,82884,6.837,TRUE,Business Development
737,Judy,Female,4/5/2011,1:44 AM,48668,11.716,TRUE,Product
738,Lawrence,Male,7/23/2011,3:41 AM,122971,14.618,FALSE,Product
739,Joseph,Male,10/10/2010,11:12 PM,107050,12.737,FALSE,Business Development
740,Carlos,Male,1/25/1981,10:00 AM,138598,14.737,FALSE,Sales
741,Russell,,5/9/2009,11:59 AM,149456,3.533,FALSE,Marketing
742,Jane,Female,7/10/1999,7:02 PM,128540,15.941,FALSE,Legal
743,Martin,Male,2/25/2016,6:29 PM,61117,2.844,FALSE,Client Services
744,Steven,Male,5/30/1980,8:25 PM,100949,13.813,TRUE,Human Resources
745,Judy,,7/15/2011,3:38 PM,46829,5.19,TRUE,Finance
746,James,Male,2/16/2008,2:49 AM,69111,14.625,TRUE,Business Development
747,Gloria,Female,8/19/2004,10:31 AM,46602,1.027,TRUE,Business Development
748,Ernest,Male,6/30/2001,1:46 PM,61181,16.559,FALSE,Business Development
749,Martha,Female,7/17/1997,11:11 PM,94963,19.626,TRUE,Business Development
750,Janet,,1/25/1986,5:48 AM,85789,9.712,FALSE,Legal
751,Louis,,2/5/1983,6:39 PM,145274,16.379,FALSE,Product
752,Tina,Female,8/6/1999,3:18 AM,102841,3.369,FALSE,Client Services
753,Henry,Male,2/23/2007,3:24 AM,49665,18.338,FALSE,Business Development
754,Antonio,Male,6/6/1999,10:54 PM,41928,5.478,TRUE,
755,Lisa,Female,4/11/2007,1:04 AM,128042,2.03,TRUE,Legal
756,Denise,Female,2/19/1984,6:22 AM,86150,3.997,FALSE,Client Services
757,Stephen,Male,10/21/1984,6:26 AM,121816,10.615,TRUE,Distribution
758,Benjamin,Male,4/12/1988,11:32 PM,123409,7.783,FALSE,Product
759,Carl,,8/18/2007,8:01 AM,98295,7.617,TRUE,Legal
760,Ruth,Female,9/2/1980,6:52 AM,59678,10.895,FALSE,Distribution
761,Shawn,Male,12/29/2006,3:05 AM,57871,4.02,TRUE,Human Resources
762,Jennifer,Female,3/31/2015,7:43 PM,132084,10.006,TRUE,Engineering
763,Terry,Male,11/10/2004,4:33 AM,35633,3.947,TRUE,Distribution
764,Jacqueline,Female,7/27/2008,12:08 PM,125298,3.019,TRUE,Legal
765,Roger,Male,5/2/1988,10:04 PM,115582,15.343,TRUE,Sales
766,Alice,,4/23/1995,6:35 AM,148339,11.479,TRUE,Finance
767,Justin,Male,7/25/1991,12:45 AM,112975,9.699,FALSE,Human Resources
768,Janet,Female,7/12/2008,12:10 PM,36927,18.769,FALSE,Client Services
769,Robin,Female,3/26/2004,5:41 PM,70248,9.66,TRUE,Sales
770,Samuel,,10/7/2002,3:08 AM,141305,9.849,TRUE,Marketing
771,Katherine,Female,9/22/2006,8:08 PM,72002,13.178,TRUE,Product
772,Peter,Male,5/22/1991,1:39 AM,102577,12.026,TRUE,Product
773,Lillian,Female,8/14/2009,5:41 AM,113554,18.018,TRUE,Business Development
774,,Male,10/24/1986,9:23 AM,47176,10.736,,Finance
775,,Female,6/18/2000,7:36 AM,106428,10.867,,
776,Rose,Female,11/3/1999,9:06 AM,75181,6.06,TRUE,Finance
777,Bobby,Male,9/30/2004,10:52 PM,79047,18.784,FALSE,Human Resources
778,Kimberly,Female,4/20/1986,3:55 PM,52970,4.513,FALSE,Sales
779,Antonio,Male,12/28/2003,4:17 AM,137979,5.266,FALSE,Distribution
780,Doris,Female,9/8/1984,7:03 PM,114360,17.799,TRUE,Business Development
781,Steven,Male,7/5/2009,4:55 AM,110306,16.843,TRUE,Human Resources
782,Lawrence,Male,7/3/1995,10:55 PM,46378,9.127,FALSE,
783,,Male,5/6/1986,4:41 PM,74104,17.68,,Client Services
784,,,4/15/1991,3:39 AM,132505,13.592,,Product
785,Stephanie,Female,9/14/1982,8:14 AM,96649,3.453,FALSE,Sales
786,,Female,7/24/1982,12:00 AM,57811,8.941,,Marketing
787,Sandra,Female,9/7/1989,4:17 PM,111468,2.58,TRUE,Product
788,Kevin,Male,7/1/2005,3:22 PM,141498,4.135,TRUE,Sales
789,Michelle,,3/31/2012,6:28 AM,124441,16.353,FALSE,Business Development
790,Lisa,Female,7/8/2000,9:19 PM,40121,6.293,FALSE,Product
791,Fred,Male,3/3/1989,2:27 AM,129712,11.058,FALSE,Finance
792,Joseph,Male,11/4/1982,9:46 PM,126010,19.601,FALSE,Legal
793,Anne,,4/18/1996,11:57 PM,122762,9.564,FALSE,Distribution
794,Andrea,Female,7/22/1999,9:25 AM,149105,13.707,TRUE,Distribution
795,Nicole,Female,3/1/2004,5:17 PM,44021,10.286,FALSE,
796,Theresa,,10/7/1995,10:16 AM,42025,3.319,TRUE,Human Resources
797,Catherine,Female,8/31/1986,6:20 PM,59970,12.801,FALSE,Client Services
798,Rose,Female,12/31/1982,6:50 PM,145001,19.85,FALSE,Engineering
799,Lawrence,Male,10/1/1984,2:06 PM,102589,17.952,TRUE,Marketing
800,Raymond,Male,12/12/1986,12:18 PM,47529,2.712,TRUE,Product
801,Clarence,Male,8/5/1989,6:11 PM,148941,11.517,FALSE,Product
802,Ryan,Male,4/15/1988,5:18 AM,91109,17.499,TRUE,Human Resources
803,Jane,Female,1/12/1992,1:23 PM,51923,13.623,FALSE,Business Development
804,Lois,Female,7/28/2012,11:39 AM,53954,19.075,FALSE,Product
805,Shawn,Male,3/17/2008,2:12 PM,39335,10.664,FALSE,Distribution
806,Thomas,Male,5/3/1990,9:29 AM,111371,15.081,TRUE,Engineering
807,Kathryn,Female,1/29/2008,12:29 AM,86676,6.081,FALSE,Sales
808,Mary,Female,11/6/2011,8:32 AM,115057,2.089,FALSE,Finance
809,Julie,Female,3/8/1980,5:13 AM,145357,3.459,FALSE,Engineering
810,George,Male,9/27/1995,5:04 PM,36749,19.754,FALSE,Finance
811,Ralph,Male,2/10/2000,4:48 PM,89854,7.227,FALSE,Business Development
812,Judith,Female,9/3/1989,11:16 AM,134048,6.818,TRUE,Marketing
813,,Male,12/13/1994,10:34 AM,141311,5.478,,Product
814,Evelyn,Female,2/10/2002,4:44 AM,123621,19.767,TRUE,Marketing
815,Rachel,Female,6/23/2011,12:52 AM,54941,3.221,TRUE,Distribution
816,Maria,,1/18/1986,8:36 PM,106562,4,FALSE,Human Resources
817,Kelly,Female,3/17/2007,6:20 PM,39371,4.068,FALSE,Engineering
818,Ruby,Female,5/31/2008,8:41 PM,83112,4.083,FALSE,Marketing
819,Ann,Female,10/3/1980,1:08 AM,96941,10.048,TRUE,Distribution
820,Kenneth,Male,12/14/1985,6:55 AM,47232,17.862,TRUE,Legal
821,William,Male,11/18/1993,12:27 PM,54058,5.182,TRUE,Human Resources
822,,Female,12/27/1980,2:27 AM,80399,12.254,,Distribution
823,Deborah,Female,2/26/2009,10:17 AM,118043,7.266,TRUE,Business Development
824,,Male,11/12/2009,2:30 PM,109411,9.494,,Engineering
825,Julia,Female,8/18/2014,3:12 AM,97566,2.147,FALSE,Marketing
826,Robert,,12/4/2000,1:20 AM,69267,5.89,TRUE,Sales
827,,,8/1/1988,1:35 AM,87103,5.665,,
828,Jesse,,7/16/2014,2:24 AM,98811,7.487,FALSE,Legal
829,Cynthia,Female,7/12/2006,8:55 AM,149684,7.864,FALSE,Product
830,Johnny,Male,1/14/2007,2:54 PM,71383,2.097,TRUE,Human Resources
831,Michael,Male,8/31/2002,1:20 AM,81206,19.908,TRUE,Distribution
832,Kenneth,Male,1/15/2015,2:41 PM,69112,7.588,TRUE,Finance
833,Keith,Male,2/12/2003,3:02 PM,120672,19.467,FALSE,Legal
834,Gerald,Male,5/28/2010,12:26 PM,96511,9.331,FALSE,Human Resources
835,Carl,,2/11/1982,7:54 AM,49325,2.071,TRUE,Business Development
836,Douglas,Male,8/4/2007,5:23 AM,132175,2.28,FALSE,Engineering
837,Carolyn,Female,3/17/2004,6:38 AM,118037,13.492,FALSE,Finance
838,Joseph,Male,5/23/1985,10:16 PM,139570,15.804,TRUE,Finance
839,Billy,Male,4/6/2000,3:14 PM,115280,9.153,FALSE,Distribution
840,Joyce,Female,7/25/2001,6:04 AM,51065,16.807,FALSE,Human Resources
841,Lillian,Female,8/26/2002,8:53 AM,103854,4.924,TRUE,Distribution
842,Ruby,Female,8/13/2006,6:27 PM,48354,19.501,FALSE,Business Development
843,Sandra,Female,2/7/1998,12:39 PM,132327,19.264,FALSE,Product
844,Louise,Female,2/26/1982,1:03 AM,106362,8.965,FALSE,Sales
845,Maria,,6/19/1985,1:48 AM,148857,8.738,FALSE,Legal
846,Brenda,Female,1/3/1981,6:01 PM,131131,11.682,FALSE,Client Services
847,Stephen,Male,9/10/1990,10:42 PM,129663,15.574,FALSE,Human Resources
848,Nicole,,5/2/1981,12:03 PM,41449,4.707,FALSE,Finance
849,Bobby,Male,6/5/1984,7:40 AM,93368,2.88,TRUE,Product
850,Ernest,Male,9/6/1997,2:02 PM,53335,9.192,FALSE,Product
851,Charles,Male,9/3/1997,10:04 AM,148291,6.002,FALSE,
852,Bobby,Male,8/19/1996,1:16 AM,147842,16.158,TRUE,
853,Diana,Female,11/19/2004,8:47 AM,105066,17.343,TRUE,Business Development
854,Mildred,Female,4/6/2007,10:06 PM,139284,11.39,TRUE,
855,Harry,Male,2/10/1985,7:46 PM,63046,10.411,FALSE,Finance
856,Phillip,,10/20/2003,11:09 AM,89700,2.277,TRUE,
857,Bonnie,,1/18/2006,6:52 PM,108946,12.211,FALSE,Finance
858,Marie,Female,12/8/1993,6:28 PM,98406,7.943,TRUE,Product
859,Sean,Male,4/25/2006,4:51 PM,108581,9.634,FALSE,Human Resources
860,Robin,Female,10/1/2012,2:44 AM,41808,19.239,FALSE,Business Development
861,Phillip,Male,10/7/1984,11:05 AM,36837,14.66,FALSE,Marketing
862,Jerry,Male,3/26/1989,4:15 AM,140850,18.855,FALSE,Finance
863,Ronald,Male,5/25/1983,10:05 AM,50426,18.536,TRUE,Sales
864,Phillip,Male,5/15/1984,6:15 AM,134120,6.842,FALSE,Human Resources
865,Ryan,Male,11/16/2012,1:47 PM,57292,6.01,FALSE,
866,Karen,Female,8/29/1997,4:56 PM,80633,16.306,FALSE,Legal
867,Bonnie,Female,8/25/2004,2:17 AM,131943,14.249,FALSE,Client Services
868,Earl,Male,6/15/2013,3:00 AM,48046,7.737,FALSE,Marketing
869,Katherine,Female,8/18/2013,3:58 PM,97443,13.657,FALSE,Product
870,Matthew,Male,8/3/1995,5:39 AM,135352,7.986,TRUE,Business Development
871,Cynthia,,11/19/1996,10:40 PM,107816,18.751,FALSE,Marketing
872,Gerald,Male,3/29/2003,10:37 AM,96329,2.469,TRUE,Engineering
873,Brenda,Female,1/18/2015,4:39 PM,73749,19.332,FALSE,Business Development
874,Jason,Male,5/1/1998,6:05 PM,75607,4.299,TRUE,Sales
875,Melissa,Female,9/8/1994,4:11 AM,98858,3.525,TRUE,Human Resources
876,Beverly,Female,4/11/1998,2:27 PM,76485,9.212,TRUE,Engineering
877,Terry,,9/11/1992,4:41 PM,41238,8.219,FALSE,Marketing
878,,Male,9/5/1980,7:36 AM,114896,13.823,,Client Services
879,Jacqueline,Female,5/25/2003,7:13 PM,125418,8.064,FALSE,Distribution
880,Amy,Female,5/20/2009,6:26 AM,75415,19.132,FALSE,Client Services
881,Robert,,5/25/2007,3:17 AM,90998,8.382,FALSE,Finance
882,Ruby,Female,1/28/1980,11:08 PM,142868,6.318,FALSE,Marketing
883,Sara,,11/18/2014,2:47 PM,135990,14.344,TRUE,Distribution
884,Kathryn,Female,10/27/1995,3:39 PM,57300,18.015,FALSE,Marketing
885,Lisa,Female,10/17/2003,1:42 PM,73706,18.53,FALSE,Finance
886,Juan,Male,10/6/1993,8:52 AM,85871,9.16,FALSE,Product
887,Anthony,Male,1/30/2014,9:04 PM,96795,14.837,FALSE,Sales
888,David,Male,12/5/2009,8:48 AM,92242,15.407,FALSE,Legal
889,Marilyn,Female,10/8/2007,12:32 AM,115149,11.934,TRUE,Legal
890,Margaret,Female,1/4/2001,3:07 AM,126924,1.552,TRUE,Finance
891,,Male,11/24/2015,3:11 AM,145329,7.1,,Finance
892,Timothy,Male,8/25/1991,10:37 AM,92587,8.475,FALSE,Finance
893,Brandon,Male,10/23/1995,12:04 PM,60263,2.709,FALSE,Sales
894,Frank,Male,7/27/2013,4:32 PM,91406,5.681,TRUE,Business Development
895,Betty,Female,11/19/2002,10:40 AM,37005,7.645,TRUE,Marketing
896,Janice,,11/19/1991,6:02 PM,139791,16.968,FALSE,Business Development
897,Victor,Male,3/10/2010,5:01 PM,45267,3.942,TRUE,Sales
898,Kenneth,,2/28/1994,10:10 AM,95296,10.146,FALSE,Finance
899,Jane,Female,4/27/2012,2:12 PM,59680,15.211,TRUE,Business Development
900,Walter,Male,5/21/1992,12:39 AM,144701,16.323,TRUE,Marketing
901,Christina,Female,6/23/2002,3:18 PM,35477,18.178,FALSE,Human Resources
902,Patricia,Female,10/10/1995,4:52 PM,119266,6.911,FALSE,Distribution
903,,Male,5/23/2001,7:52 PM,103877,6.322,,Distribution
904,Heather,Female,7/29/1983,10:48 AM,47605,14.955,TRUE,Human Resources
905,Stephanie,Female,6/26/1988,5:48 AM,136604,6.16,TRUE,Human Resources
906,Alice,Female,2/9/2013,12:49 AM,121250,4.363,TRUE,Finance
907,Frances,Female,5/16/2014,8:31 AM,35884,17.667,FALSE,Sales
908,Elizabeth,Female,7/27/1998,11:12 AM,137144,10.081,FALSE,Finance
909,Janice,Female,12/17/2009,6:42 AM,102697,3.283,FALSE,Engineering
910,Donald,Male,8/1/1991,2:25 AM,61999,6.466,FALSE,Product
911,Melissa,Female,10/22/2002,1:20 AM,45223,8.879,TRUE,Legal
912,Carl,Male,7/7/2010,1:33 PM,54033,15.528,TRUE,Business Development
913,Joe,Male,12/8/1998,10:28 AM,126120,1.02,FALSE,
914,Lois,Female,12/11/2015,4:10 PM,99747,6.168,FALSE,Marketing
915,Ann,Female,9/28/2001,6:37 AM,71958,5.272,TRUE,Distribution
916,Todd,Male,1/4/1983,12:34 PM,115566,6.716,TRUE,Client Services
917,Marilyn,Female,1/16/1996,7:18 AM,118369,7.696,TRUE,Business Development
918,Shawn,Male,3/13/2008,5:36 PM,51667,6.339,FALSE,Product
919,Ryan,Male,4/27/1999,3:41 AM,85858,19.475,FALSE,Client Services
920,Sean,Male,3/21/2009,11:38 AM,131423,8.957,FALSE,Distribution
921,Rose,Female,1/2/2002,9:14 PM,49538,9.828,FALSE,Client Services
922,George,Male,6/5/2015,5:40 AM,50369,18.9,TRUE,Sales
923,Arthur,Male,12/5/2013,8:44 AM,86615,3.412,TRUE,Business Development
924,Irene,,2/28/1991,10:23 PM,135369,4.38,FALSE,Business Development
925,Deborah,Female,11/11/2003,4:53 PM,60003,9.624,FALSE,Client Services
926,,Female,8/23/2000,4:19 PM,95866,19.388,,Sales
927,Judith,Female,3/1/2004,7:32 AM,109324,19.488,FALSE,Distribution
928,Philip,Male,3/11/2005,10:56 AM,103557,16.014,TRUE,Business Development
929,Jeffrey,Male,9/20/1986,6:06 AM,111376,2.673,TRUE,Business Development
930,Theresa,Female,4/27/2001,9:17 PM,75661,1.079,TRUE,Legal
931,Nancy,Female,9/10/2001,11:57 PM,85213,2.386,TRUE,Marketing
932,Harold,Male,6/23/2012,12:40 PM,140444,3.771,FALSE,Distribution
933,Bonnie,Female,12/23/2008,9:26 AM,90427,2.01,TRUE,Client Services
934,Doris,Female,7/5/1993,5:54 PM,141439,3.799,FALSE,Business Development
935,Samuel,Male,8/7/1997,12:40 PM,43694,3.787,TRUE,Engineering
936,Alice,Female,3/23/1996,3:09 AM,131952,12.09,FALSE,Engineering
937,Maria,Female,3/14/2003,5:23 PM,96250,10.056,FALSE,Business Development
938,Aaron,,1/22/1986,7:39 PM,63126,18.424,FALSE,Client Services
939,Mark,,9/9/2006,12:27 PM,44836,2.657,FALSE,Client Services
940,Ralph,,7/28/1995,6:53 PM,70635,2.147,FALSE,Client Services
941,Andrew,Male,9/28/1990,9:38 AM,137386,8.611,TRUE,Distribution
942,William,Male,6/26/1997,8:33 AM,104840,15.653,TRUE,Engineering
943,Lori,Female,11/20/2015,1:15 PM,75498,6.537,TRUE,Marketing
944,Wayne,Male,9/8/2006,11:09 AM,67471,2.728,FALSE,Engineering
945,Kenneth,Male,5/10/2006,8:24 AM,101914,1.905,TRUE,Distribution
946,Gerald,,4/15/1989,12:44 PM,93712,17.426,TRUE,Distribution
947,,Female,9/15/1985,1:50 AM,133472,16.941,,Distribution
948,,Male,7/30/2012,3:07 PM,107351,5.329,,Marketing
949,Ashley,Female,3/31/2006,1:24 PM,142410,11.048,TRUE,Engineering
950,Scott,Male,8/20/2011,8:08 AM,37385,8.226,TRUE,Business Development
951,Paula,Female,5/21/1983,11:42 AM,58423,10.833,FALSE,Business Development
952,,Female,9/14/2010,5:19 AM,143638,9.662,,
953,Teresa,Female,1/22/2013,3:17 PM,113425,11.907,TRUE,Human Resources
954,Randy,Male,2/25/2012,5:33 AM,57266,14.077,FALSE,Product
955,Joe,Male,1/19/1980,4:06 PM,119667,1.148,TRUE,Finance
956,Sarah,Female,8/17/2014,11:08 PM,127118,11.176,FALSE,Legal
957,Beverly,Female,10/17/1986,12:51 AM,80838,8.115,FALSE,Engineering
958,Jeffrey,Male,2/3/1984,1:26 PM,70990,15.901,TRUE,Sales
959,Gloria,Female,10/24/1987,4:43 AM,39833,9.631,FALSE,Engineering
960,Albert,Male,9/19/1992,2:35 AM,45094,5.85,TRUE,Business Development
961,Stephen,Male,10/29/1989,11:34 PM,93997,18.093,TRUE,Business Development
962,Antonio,,6/18/1989,9:37 PM,103050,3.05,FALSE,Legal
963,Jonathan,Male,8/21/2013,12:45 AM,121797,16.923,FALSE,Product
964,Ann,Female,9/23/1994,11:15 AM,89443,17.94,TRUE,Sales
965,Bruce,Male,5/7/1980,8:00 PM,35802,12.391,TRUE,Sales
966,Catherine,Female,9/25/1989,1:31 AM,68164,18.393,FALSE,Client Services
967,Louis,Male,8/16/2011,5:19 PM,93022,9.146,TRUE,Human Resources
968,Thomas,Male,3/12/2016,3:10 PM,105681,19.572,FALSE,Engineering
969,Louise,Female,3/27/1995,10:27 PM,43050,11.671,FALSE,Distribution
970,Linda,Female,2/4/2010,8:49 PM,44486,17.308,TRUE,Engineering
971,Alice,Female,9/3/1988,8:54 PM,63571,15.397,TRUE,Product
972,Patrick,Male,12/30/2002,2:01 AM,75423,5.368,TRUE,Business Development
973,Victor,,7/28/2006,2:49 PM,76381,11.159,TRUE,Sales
974,Russell,Male,5/10/2013,11:08 PM,137359,11.105,FALSE,Business Development
975,Harry,Male,8/30/2011,6:31 PM,67656,16.455,TRUE,Client Services
976,Susan,Female,4/7/1995,10:05 PM,92436,12.467,FALSE,Sales
977,Denise,Female,10/19/1992,5:42 AM,137954,4.195,TRUE,Legal
978,Sarah,Female,12/4/1995,9:16 AM,124566,5.949,FALSE,Product
979,Sean,Male,1/17/1983,2:23 PM,66146,11.178,FALSE,Human Resources
980,Ernest,Male,7/20/2013,6:41 AM,142935,13.198,TRUE,Product
981,Kimberly,Female,1/26/2013,12:57 AM,46233,8.862,TRUE,Engineering
982,James,Male,1/15/1993,5:19 PM,148985,19.28,FALSE,Legal
983,Rose,Female,4/6/1982,10:43 AM,91411,8.639,TRUE,Human Resources
984,John,Male,12/23/1982,10:35 PM,146907,11.738,FALSE,Engineering
985,Maria,Female,10/15/2011,4:53 PM,43455,13.04,FALSE,Engineering
986,Stephen,,7/10/1983,8:10 PM,85668,1.909,FALSE,Legal
987,Donna,Female,11/26/1982,7:04 AM,82871,17.999,FALSE,Marketing
988,Gloria,Female,12/8/2014,5:08 AM,136709,10.331,TRUE,Finance
989,Alice,Female,10/5/2004,9:34 AM,47638,11.209,FALSE,Human Resources
990,Justin,,2/10/1991,4:58 PM,38344,3.794,FALSE,Legal
991,Robin,Female,7/24/1987,1:35 PM,100765,10.982,TRUE,Client Services
992,Rose,Female,8/25/2002,5:12 AM,134505,11.051,TRUE,Marketing
993,Anthony,Male,10/16/2011,8:35 AM,112769,11.625,TRUE,Finance
994,Tina,Female,5/15/1997,3:53 PM,56450,19.04,TRUE,Engineering
995,George,Male,6/21/2013,5:47 PM,98874,4.479,TRUE,Marketing
996,Henry,,11/23/2014,6:09 AM,132483,16.655,FALSE,Distribution
997,Phillip,Male,1/31/1984,6:30 AM,42392,19.675,FALSE,Finance
998,Russell,Male,5/20/2013,12:39 PM,96914,1.421,FALSE,Product
999,Larry,Male,4/20/2013,4:45 PM,60500,11.985,FALSE,Business Development
1000,Albert,Male,5/15/2012,6:24 PM,129949,10.169,TRUE,Sales
